(\	dcoinooe
1.	wgfjdkejpn
3Z	rcimtamwko
1-	zylzj
+5	etcgya
5,	acbdkmfc
1)	ylornk
Ij	pbao
1'	djaqik
,'	eqdh
0;	vomzhkkfrh
1&	whkpwmcvmv
1$	japdy
0{	aepesz
-f	lwecegmjt
(K	ylqupedghb
0~	jnrtywmjt
-|	uqshfmsom
2R	ksll
(I	ryvrlzq
/{	knnkqhi
/~	kjayic
J2	zzfjcatmvq
J7	bpbirtzifd
(H	dcedzwp
-p	phwm
0n	uvkjufe
0l	ukucc
0i	bpjdsarjre
->	rpsqvynj
0f	chigbidnh
%`	jbcwnuqn
0e	lgyptuvhty
(@	osjjse
.e	bompwrv
0Z	ylusbyzvlk
/G	oaujfk
0W	lfsumfeou
0V	vmsgzov
IQ	zcdmfs
0U	oyyfmmungf
4M	hqahdmbu
0S	ifuuuknyuy
2_	niyybrjqlu
0Q	bvsq
0c	rwucfz
0P	owadnlw
0O	nhzn
0N	evnz
/r	kgzbhydw
0K	qgnomimlu
25	eknhoyqm
0G	bkujf
JC	dpfmnheep
0F	rvfmu
(2	skgouclcy
+]	emztwy
3P	iqcvgejmbm
Ip	jkfcya
J)	lsqbuucgzw
0C	dlmwteadgn
0B	hsyi
'a	ofja
0=	wfvs
0:	vteuvltg
1J	rbsmcjod
31	tcodoe
(L	mtpflpz
09	gedob
08	vrokie
06	ueekarfpd
05	lmvihu
04	ufsib
03	obqf
02	wcjseoco
0/	dbwmoh
-(	odoknymcir
''	pkijuuc
3!	mszwvtscq
0.	oipctlvlrv
2j	ckbrar
0j	pqdghszils
0'	mkfdaw
3e	klts
0!	kwuqvw
30	gilaq
IV	wdgw
0 	cmtjc
3l	jdrawq
5B	dwjjqab
/}	ijgkz
+<	htub
I5	ucwlmgr
0&	ceablht
/v	qgja
,>	dbtmh
/n	zflq
/m	fzvdpzklf
/k	fftcmi
-G	iqdyq
-)	zwhcintyld
Jp	zuwbmeuh
1 	pnzba
2S	kgfkwj
/i	krzocvfo
/e	amllazjhsh
,1	gykd
15	muegt
0k	hsyflcyj
"e	dmld
1y	jaoee
Ht	uplihrh
/^	ifywemlhuz
3/	qigvbfbsq
/]	colazjuq
/[	ebvmship
-<	sedtya
/Y	ijcytbhsd
,a	udnaeq
0H	wnun
/R	kudwlo
-+	udynlakkf
/Q	tzbskl
'g	mnzvsn
Iz	qyhrujottk
/f	iinlwompfe
.d	rzkjcubz
3k	eepsyf
/N	ctmqfvrmv
2i	gkafhvabo
He	ligvggs
5=	enqmf
10	kwpirhguar
/M	ktzkqpv
/L	eldyk
,6	tlaqcqqk
/K	kdiirmvkpa
/H	hpiipvyj
0d	sagjbj
'|	rjhia
/F	zykcbwei
/@	wzirl
/d	wsmab
/?	mcfouuemsr
0h	rkpwb
-i	bzovfitkj
-l	qsnz
*%	jfbgkgj
/>	mejl
/;	tptfamrqt
JV	hehpc
0o	qoenuvaoh
1+	mhwekgh
/h	riqgpkno
/g	wygp
3W	bziyjbah
3p	jcvpnpe
H~	jhvdh
/6	bzddst
/1	aoqrkk
Ii	wfpcchp
J<	qobp
'o	daorepy
,:	bqtawdyt
'W	azlovdaqip
/+	qewntah
0$	ykwca
/(	jezmiycf
.L	gpiuzlf
&)	hucu
/%	iqdzl
+&	tkbd
1/	zrkdl
/"	ehkc
,i	obhejg
42	mzfvy
/!	cdqfj
/ 	fhesswdf
/t	mlzdmsnsp
/*	jyvhasa
'J	bnzlp
-o	jeqfmbt
I0	lvioqjrim
.s	wqldkptrc
.r	hveohgjrg
.q	uychrnn
'G	iwrhgkqq
/A	lhrd
/9	spssiwks
00	vtfumwk
'F	awhrfywqej
.h	vupuvfil
.G	vtynp
.g	frtmrarej
0*	prkyfdcidy
1@	dcbdbzpl
.f	rcdmm
3a	ffcvqq
/8	fjppsic
0?	synlqbnf
3[	ibtlswrgw
'?	nuwm
/3	qyvcytopkg
.X	mybo
.W	uozabk
/o	ntkwwdodp
.T	doytzjmm
0\	mtfdrh
.S	haah
)Y	nswlvo
.R	joczphqaus
+*	czywdnjlmf
.}	lzpduae
.Y	abiemisn
.`	udtmosropo
.Q	jgmhanvvj
.P	qzhhv
.~	ftlkdcaymc
.O	sblqbmabh
.N	hzdcf
JX	jeniwbmaws
.M	tqbnf
0A	pmzawz
,/	rzdtucmd
3M	fmraly
.I	hfescz
-J	bbnhftwzii
0R	fsjmt
.E	bdtthrd
+D	vuzjgkpta
/u	iyosa
.B	vwcydbcs
.1	lcdeufgs
(J	nvhmiqiwt
0m	ywvfqrqhw
.>	ktbrk
.<	aptfdr
.;	kmioccs
/J	lcmehksv
.?	navigfu
JH	ezzd
K"	ciousonucq
.9	iltqmtflz
+o	nmuhscpn
4m	yhfpuwb
.8	mhyq
-{	qhehmgo
'+	qpedt
,k	kbwg
J;	rejprrtlsb
.5	iiopgzirih
1I	ujbrhgne
.3	gcueos
+c	rgrz
.p	uhuv
&n	yquq
'=	oopqolpk
.-	fvkofgov
22	gslli
/c	fzvjkis
/I	eqwyte
.+	ruom
/)	ljfhjt
.)	luoyyt
07	cgeq
.'	ueiaeyzpkl
.&	dzjwh
JB	nztba
.%	pkjvbfcm
&o	yypqhggjla
/E	iimsn
)'	ytlzashwb
.$	vnqjnm
.C	ewbdwyt
JQ	ngmayncppf
0M	mnqwv
37	vhmvrmk
I2	yoek
K*	zahs
."	qhaaoizihs
.#	ddqy
(!	ssiolr
.!	mwrkljb
1#	wkghvq
3 	kmzw
-~	krlnlmae
-}	mpvagn
0@	csdtifa
&1	ryeaidgpwj
-U	ircplberj
I~	wnolg
"c	ladndg
(n	wlbbufsf
,?	ucjsrtj
/w	tmgzi
,$	pvtzvm
4z	wvyqd
/5	fkee
'E	tfhckowpeh
.V	hgnb
,9	dhknfph
-F	efclymow
/s	dmina
0z	wyfyf
+8	chhubzcbft
,0	swlld
,7	oiatceh
3)	zqqqhmabl
,T	cujnvqw
,l	brcoepjkns
-2	jqvaobg
Ie	avassi
-M	yiqzjevid
-N	oqtgcc
IO	ebdr
,.	pdawes
+H	lpboc
,O	iwksbi
(X	tuhu
4K	uptdbf
,z	svpdirvey
3m	aqge
,-	mhkqhtoeiq
JK	voyao
0%	zuviqmcu
/W	edihgfsunq
.:	tkfn
/'	estmzakzyk
($	tciumsn
,U	urgvn
,(	stbgtouud
,&	gvugczkab
+|	vmzye
+[	tsmrzalyh
+u	gqzejb
2)	ysifqtmq
14	jkdvepeta
%p	ezlgdqy
+L	kimfs
/|	hcbykaqatf
/l	vqztf
,E	ilfqbtzoes
-I	mgsfm
44	plbvkjmrth
/7	erqzk
2;	ssewv
.*	igmbh
#t	znzafvkn
-v	iiermpga
%y	ysidvzzf
-x	ccbhnd
-5	cghcdve
01	magwbdplns
3K	vpugci
5C	mszzpplt
%~	cgwaf
+6	bnmoueni
&!	fcozrsgnv
/b	lzcskglf
2r	talccrrah
'>	pncgeeb
JJ	hteuklzn
'V	foipdsuj
.x	thhlsafjyj
Im	avzog
-c	gdecopcqyd
JG	gjhjvhf
+n	rdfljem
1M	brbli
I_	lfmnvmqwia
,+	hgmr
3E	dygla
0Y	smrvsyy
3$	lych
'Q	jumsj
0g	hkdydwhfr
13	skahver
K&	hrkjuayhu
+!	whlahi
)t	zhqpbwtoa
/&	hjcrmui
.{	iutf
Jq	ykcs
&6	ifwdikr
+f	fwmvbpyz
.=	ynlaig
+d	dmyvmzgpum
2s	vdovqtyiw
17	zldbfheadk
2A	mbjbsma
+{	nmrqyf
I,	vrnlsbtfcf
0J	mbbtwqgq
-O	uhczyjrup
1O	cbtj
-d	gdfdsiyn
,g	ypnjq
.4	fyvlnlyamg
I+	liura
+`	boiopa
-R	ciwinmqj
%W	qagvjhjhok
/,	fmqunp
+?	iqjpcdb
-q	scdz
-\	vejhntyee
+C	yevczw
4I	zeyfehd
,,	hqgszaaye
+\	iyhqn
-6	fvanoai
+V	rampsracqb
+g	ivpngdamwd
1"	mgkppny
-n	rwhcuu
1H	njlikoe
IT	cddzgjqs
Iw	jbuhpwi
,8	vwuvigpuk
*j	shojwtbtbi
48	sfled
0}	taodid
-?	rcot
%U	sjlf
35	yhihzzr
0b	zilibpuzqe
0X	mroahaig
&3	felhzphrp
-;	plvh
-9	qsetkserl
+#	ahmkhrfiby
,w	fureyughu
-@	yqwdy
ID	cbgflqvaso
-e	zdumvaydp
+%	kmwyem
0[	zndjnchvm
+7	vttlasgjo
Jt	mmguu
-,	hdavfh
+;	uedyooq
,<	ujpdviue
2"	hrrqnjjuuh
K(	fpuq
+G	girbh
+E	ricstw
&s	lvwmlg
+k	kmtiub
1a	qojsy
32	esqnkwkqqn
0L	vtbivuc
3+	bmpvaaurk
0<	jpfzcl
I$	cett
/p	dgomhyhf
Id	ewcsvfcqzo
"}	ujdylg
2>	skgkoebz
4 	zlhwcbj
1[	kagwfulu
1c	kcvzzoypbq
1`	cffqo
1b	ijohdphfdz
2:	umwavhw
(k	vyjvbzsi
1d	voubaait
)h	aibowb
Jc	ywocmhq
1p	lsos
I/	oqtcvbctp
1u	ekyot
1|	rtra
2!	hgvhkbnprz
2(	cndcnsiza
1U	vwjimvu
I*	yinjnc
2+	gqqryearqz
K'	wfhtsef
2,	wvmi
2-	qcpvoqib
J}	jvmakisl
1N	dtrtjsgfz
24	zdsuo
).	bcpnrioggs
2@	qypazarvmz
2B	aqrnrpovt
J_	vlrjlejgo
2C	ubbntzbmpk
2P	ioigcaejm
2F	cbuzuas
2J	ljcqdka
2w	jhbmhu
2U	zqhydl
27	qmwh
4#	rojiloq
)>	snvjuwb
2^	qziyoodeju
+q	bciwyd
2b	jarypbbdto
2d	kemdphq
2N	kyrgvfga
)C	cpisqu
H]	bzanwgb
2a	aikypgpm
1e	atfvhikk
2l	ckljod
+J	lzvw
18	jfgfohvnt
(y	dlmpkmet
)L	ccgab
In	ocvwekbh
)N	sjsudzj
3'	dijiisdiei
J3	gvshq
1T	qdhp
3(	ttfnggem
2M	ycylozobj
3?	buerlz
K!	hila
1\	pjrzs
3H	zomisdiev
2H	owcomupon
3-	svtrwmjl
38	jiia
I(	jkfugijw
I'	zbmjsjd
3;	ovbpvb
2[	ndul
3=	iggy
3q	aoqb
)`	jkbwbijhk
)<	nzkndibep
J1	sivms
40	yocup
II	ghfkqda
3I	uoso
2Z	wvawvmi
J:	lmzgm
Ju	scacyhdor
3J	pzoiwzyoai
3L	npvt
3N	ozymeyubv
23	ztbb
+9	tuovg
3O	wodrvnmprp
3n	edgoew
3T	oyiivpyr
3U	kcpies
3Y	vkcqkpj
Is	yispwdjkko
3%	chygwc
0T	zckcm
+h	ekhnfcg
%N	dshuqvwhl
3\	opatwbh
+^	hqqnocdbr
3]	erdqym
*u	focy
.z	eglrh
3^	hymmci
IF	mmug
59	bjuary
Iq	izrm
& 	mauzcum
3z	ybio
'K	dwzqvc
JD	flld
-t	ruao
1m	vvryrldimh
%F	tdbgseko
I7	wuoyvrr
2W	yaekjencl
If	fjjqg
45	dojrph
2G	kcszjkkeiq
1S	ftrenlygiv
J\	qcnmmk
J`	rguaelk
2m	mbbmemhdb
-X	bras
2%	oarqz
4"	iezgcfd
Jl	wbdso
3*	yzvdrnvqjt
Hu	idinsid
IN	rcmu
.D	jhrwdwbu
1Z	yougmdh
Ik	fngayw
I}	dwhhkmpj
Hj	rzytz
I6	hiobqtcskr
Jz	mmep
2o	bzfrhqwuhy
5'	syflj
1j	ftig
J^	pyyotqp
It	ovrlvtj
IL	lwks
3u	diorhy
2I	szbwysrjkp
5E	odao
2e	gjmtswe
+=	liiefr
2T	nwcpqatvn
,j	dudjqpumqv
3,	vywuzoc
IK	ojponmdl
&e	aiytodtle
Ir	fldkpjzh
*.	ghuypu
Ja	capjteapqa
JW	tucqblv
J4	bcyqmnwu
2{	vuzumwefej
JA	iyjatost
J@	cndwvujwt
-S	dier
+l	edmfginl
4/	qhtukzjokv
J 	bgkmhlll
JF	fkvfugs
3>	obhiiiknpt
Io	hsijgmqjiu
0+	bnzyqekdi
J|	sssjyksv
Jb	munz
Jn	svuryoj
3y	assvpizhlz
3r	vzqkez
Jr	lpjplrz
1R	kkrillrd
JT	qjmyrwtrf
Il	lqsgnwlzgs
Jm	tnstwvherz
IS	wravplyk
Hp	haguwucqqn
5%	mkmktccn
,*	zgulr
/Z	ofentllerf
2c	igggbc
2`	amin
(b	zzpcojdge
I&	ojqqs
Jv	apcafrjaj
)(	liqmq
K#	dgrszgc
2K	csgtrgyzh
J{	lbpa
K%	boyicsd
I)	ultgej
){	aigp
1i	nrhgqyvhr
K$	qkucj
+T	blbgrud
4c	jyud
J6	hvcmo
JI	wfydr
JY	ycyvj
J0	bogzgsi
0|	zjuvmk
Ix	rprctf
4A	dtccyods
),	elnyg
(~	yseh
1{	halfp
*?	autiinmtn
4&	ztagepmsmf
J(	yymunztn
JE	oarempscqg
0]	vitwntuwf
3d	wnurbl
3v	rkycg
1D	ussl
)\	wzbyuovdv
4:	qytqtwtlf
Iy	kgat
IE	ecjn
&Q	tblnrqrneh
.c	zdhqnvlq
Hi	mdvm
2&	qynkp
3G	djjeqp
Jy	pdwuupc
4`	jsudsd
J=	irbbni
-Q	yshpseyips
3X	ppmla
JP	blbuon
I9	ihjzvceea
4-	mcjzz
0-	ftekte
Ih	ynwm
J?	hfyjfnu
(u	duvokov
+W	ubnqklci
,4	qcjkdflrwr
I8	iulvmievr
4Y	ovamilygpl
2O	pzrgpogw
K 	wtob
3D	khzrp
2n	nbfes
3&	hfmy
5D	olbwiz
H`	vksnrcr
I 	eviqpbkddp
4N	mlsfpnl
3<	bwaecdy
I#	zfapahik
4L	kzuecmi
I]	afcolilbsm
3c	rjsy
4.	qjsc
I.	mizq
J#	ssorblg
Ic	ibnjvt
*"	verqly
I:	rusia
1w	jtzdp
1>	slnhvh
1=	irvlwg
*3	celfq
2~	iessmqgcaa
J!	iebh
4k	ouobewq
3b	reantuls
Hh	iyvpb
Hg	qivpc
+p	griyoi
3f	pycyo
Hf	aqvuvsk
3F	otriogiqty
41	ooirq
Hq	kqpwaf
Ig	pkhsafzu
4,	wqeadt
1_	jdfmdlsjad
J]	wgwg
Jo	tppyfz
*$	layynrzfjl
3S	cbccackuio
Jx	bjgsajspz
+I	zyoupzt
. 	dmswuk
49	klpvbmnogv
I!	vbyfeoklg
*+	ipnab
2k	bmocdh
3h	tsvwkpp
)H	qunhlbbck
Ha	asoho
4!	obnesyz
3"	affktbebmb
3|	afwzt
1o	pehlgsacip
IU	dnnsst
3{	zdrhfrfr
2?	eegh
-[	rtarz
2z	iauq
IJ	suuekrrszs
.i	ccrw
-Z	roysgqtc
+i	onjazqlb
J~	mrnneodvb
43	fscohbceif
3o	dmziycc
3`	vjikvndoe
,J	qdlmkl
1P	lqysikdabh
Hk	iryqotwdb
5#	zfhqiw
(e	aeipb
+F	mekf
1C	crhwyamdif
4]	mivooef
1B	plwnvduzk
JU	yuorlzkqjt
1?	wfhatv
+(	mzlg
4l	njdutlst
1<	hplsssw
-w	ljobwvb
0_	naivbls
-r	fabwg
-1	eoqkyfap
+Q	jnoao
.F	mcduclouus
-u	jfqrmq
I1	nerft
0^	lrccbu
3~	ydozmg
0>	vjdhgq
-Y	ermmhsv
J%	hanejf
,H	tdnavk
-E	eseewsoca
4p	kkjvhenalt
,;	gagidcd
5&	gumqcgkwf
3#	gwyabflo
4'	arrbyahhwm
/q	nnvn
1n	qpcnwor
,f	fbjqm
-D	vqbugy
I`	wvadqo
I-	djukffsivu
H_	kzhnrcralc
-k	nobjkfwbha
/a	owat
-'	brcejbydk
2v	dmpartnyrw
-=	zypzltptae
1!	qyzmftd
1r	rdagi
-:	ubnnawga
-8	kkcyzdksev
%l	cqqcyhuvm
-T	rvvyanwqgy
IM	fynquzjg
,`	lfdlfz
+'	uzgk
-3	kudckvnp
2h	pfidqu
&W	eqab
16	pbjqnndd
-P	lsvvqic
IR	urvbzaicgn
.y	tdqja
&0	ioqzmdkf
-"	ihqbiu
36	yljaz
&=	zdamzfu
,{	tyzvcjn
1,	vyza
2V	locmke
&J	etuiyf
/B	dkhj
1;	zlkfzi
3.	blqdyo
-7	dekq
,m	misvyeatu
IC	ertzvphy
,v	lnhaswto
3C	sremun
/=	glidvd
+K	eprgjnunq
1Y	ypodnp
-V	bffgkasca
-4	nkesl
.0	otefg
,e	uktg
2Q	tvsm
+m	kpddb
2 	gjtsiabnsc
.U	tiosryoy
+S	nkemfpdwg
-C	lbhyskpdn
,d	etcyus
H\	csbkua
+)	vgtsmn
I%	zunguwly
K)	djln
,b	puzbuvibmr
2*	kzjvqfbih
,_	jkhnb
1Q	lnfliykn
-!	khthiwh
1f	sigtu
H^	buobz
&>	oozzj
/<	fgwjimekz
26	gowf
&`	rfcv
,Y	mhndrwod
Js	znvun
.b	fzuebbwn
,X	wghrmeng
IP	qrvn
3V	untiiw
,W	eyqcnleh
+v	ovsoewa
56	hqamiatklw
,V	vqsawed
.,	afdrw
+>	jzvbugfg
J5	jyvefu
,^	dwrdq
2$	azdglbgjgo
,S	fktf
+U	lmidplewo
+_	pdtbzysyc
&L	rlsqz
0I	efiqmdavs
/x	scopsuk
4;	lzpg
.2	bvsdsnk
1z	atdby
I^	oauiujvrsk
+M	upnp
-m	rkgrcneuq
,}	mopu
1%	ydgir
%Y	aqhtml
)y	sdtoqcw
1x	ctjwhcctmy
.K	jzdhnwvv
,=	hvtkc
+@	vockldrs
3@	sipqm
-.	hrwefrqzy
1h	tycmdo
'0	gshdqk
2E	ceculplmy
&p	vozh
-W	gglbzngrq
0,	pbnpjym
2#	mctiazdz
J"	dlpo
,~	fnimawnp
/\	wscwyk
-s	bmaeludqv
-%	fwgsfcm
,%	qjrsbyya
&8	izvyr
,5	yongzonw
,c	grhtnibpf
--	tueruhctl
.(	wikye
1*	ubet
%g	pufbw
.J	dreebe
1g	jqzsdzzbv
-y	vcrind
2L	hcuoso
/2	wryllyaysu
&H	orbnj
1V	qptrw
1q	egtrwpkrrd
+X	nwzrrjmer
3_	nvvyoorqyg
%I	hhuullhp
+"	pmylfp
-j	cipyowzo
/j	ussat
+R	utslhzdy
1G	qizfjirlpn
+j	itlql
%X	fnqzd
*~	zbfdpavcz
57	kzyzpicww
/4	fkiuaejpf
,I	yjibkimwne
J$	pwjvvr
,|	cdcwznqk
+ 	zfmblcgsp
2u	nmstfez
-H	hsjf
&I	udhwgketcn
2'	kwvg
.a	wtpr
-&	awgu
.|	vzhqs
1v	jgtjd
I"	aueunabf
1A	aikrsm
2t	oavv
&G	cisaavrf
,K	yhdjk
*t	ffljqaz
+e	yqqtzha
+:	godck
3}	zgnfqw
+r	kkbpwzniy
- 	iscgfvfmh
+N	hzhncno
,h	wwquksjdli
.H	aokaisihku
*{	sdsypcfg
2D	nwtfeh
,N	jeffu
-z	yhdvtkz
/:	adsowyhtr
/X	gmdz
+$	qzdfidorvo
4}	cvovmltgqo
,D	dsif
3g	pryidk
*z	dpjestnyw
J>	ciclnvtbi
-*	yqchhdku
Jw	ydrdvolf
,)	sguzjee
1(	erpb
,R	acwddbrkz
Hd	navwwjgh
%V	tued
*k	auzupeykgy
